job_title,company_name,time_posted,num_applicants
Junior Python Developer,Team Remotely Inc,11 hours ago,63 applicants
Python Developer (internship),MindPal,9 months ago,114 applicants
Python Developer (internship),MindPal,9 months ago,40 applicants
Python Developer (internship),MindPal,9 months ago,
Python Developer (internship),MindPal,9 months ago,
Python Developer (internship),MindPal,9 months ago,184 applicants
Python Developer (internship),MindPal,9 months ago,
Python Developer (internship),MindPal,9 months ago,48 applicants
Python Developer (internship),MindPal,9 months ago,
Python Developer (internship),MindPal,9 months ago,137 applicants
